h	PROTON
nadh	NADH
grdp	GERANYL-PP
octeACP	
suc6p	SUCROSE-6P
2ahbut	CPD-15103
dtbt	DETHIOBIOTIN
mana	D-MANNONATE
so3	H2SO3;HSO3;SO3
acg5sa	CPD-469
2dr1p	
no2	NITRITE
4hba	4-HYDROXY-BENZYL-ALCOHOL
hdca	PALMITATE
galct-D	D-GALACTARATE
ap4a	ADENOSYL-P4
ppi	PPI
agdpcbi	ADENOSYLCOBINAMIDE-GDP
fe2	FE+2
gmp	GMP
dhcinnm	CPD-10796
2mahmp	AMINO-HYDROXYMETHYL-METHYLPYRIMIDINE-PP
pro-L	PRO
dann	DIAMINONONANOATE
hcys-L	HOMO-CYS
alac-S	2-ACETO-LACTATE
2aobut	3-K-THR;AMINO-OXOBUT
23dhmb	CPD-13357
8aonn	8-AMINO-7-OXONONANOATE
hkndd	
hkntd	
gbbtn	
2dhguln	
6hmhpt	
dtdp4addg	CPD-14020
eca_EC	
rmn	L-rhamnose
sucorn	N2-SUCCINYLORNITHINE
2mecdp	2C-METH-D-ERYTHRITOL-CYCLODIPHOSPHATE
urea	UREA
3dgulnp	CPD-2343
4h2opntn	4-HYDROXY-2-KETOVALERATE
4pasp	L-BETA-ASPARTYL-P
5aprbu	CPD-1086
ptrc	PUTRESCINE
ara5p	ARABINOSE-5P
fmn	FMN
u23ga	OH-MYRISTOYL
coa	CO-A;COA-GROUP
23dhmp	1-KETO-2-METHYLVALERATE
kdolipid4	KDO-LIPID-IVA
utp	UTP
sucbz	O-SUCCINYLBENZOATE
2dda7p	3-DEOXY-D-ARABINO-HEPTULOSONATE-7-P
actACP	Acetoacetyl-ACPs
5prdmbz	ALPHA-RIBAZOLE-5-P
galt	GALACTITOL
xu5p-L	L-XYLULOSE-5-P
spmd	SPERMIDINE
uaagmda	C6
2shchc	CPD-9923;SUCCINYL-OH-CYCLOHEXADIENE-COOH
imp	IMP
lgt-S	S-LACTOYL-GLUTATHIONE
12ppd-S	PROPANE-1-2-DIOL
3pg	G3P
skm5p	SHIKIMATE-5P
acACP	ACETYL-ACP
inost	CPD-8055;MYO-INOSITOL
met-D	CPD-218
glu5p	L-GLUTAMATE-5-P
histd	HISTIDINOL
acmanap	N-ACETYL-D-MANNOSAMINE-6P
co2	CARBON-DIOXIDE
cit	CIT
dmlz	DIMETHYL-D-RIBITYL-LUMAZINE
dmpp	CPD-4211
gtspmd	GLUTATHIONYLSPERMIDINE
aacoa	ACETOACETYL-COA
unaga	ACETYL-D-GLUCOSAMINYLDIPHOSPHO-UNDECAPRE
phom	O-PHOSPHO-L-HOMOSERINE
selnp	SEPO3
his-L	HIS
prbatp	PHOSPHORIBOSYL-ATP
3psme	3-ENOLPYRUVYL-SHIKIMATE-5P
dtdpglu	DTDP-D-GLUCOSE
cbp	CARBAMOYL-P
fru	FRU
acg5p	
acon-T	CPD-225
prfp	PHOSPHORIBOSYL-FORMIMINO-AICAR-P
amp	AMP;AMP-GROUP;CPD0-1139
leu-L	LEU
pppn	3-PHENYLPROPIONATE
4per	ERYTHRONATE-4P
prlp	PHOSPHORIBULOSYL-FORMIMINO-AICAR-P
5caiz	CPD-9005
thr-L	THR
eig3p	D-ERYTHRO-IMIDAZOLE-GLYCEROL-P
tagur	D-TAGATURONATE
acgam	N-acetyl-D-glucosamine
melib	MELIBIOSE
ala-B	B-ALANINE
ugmd	UDP-AAGM-DIAMINOHEPTANEDIOATE
ru5p-D	RIBULOSE-5P
glu1sa	GLUTAMATE-1-SEMIALDEHYDE
2cpr5p	CARBOXYPHENYLAMINO-DEOXYRIBULOSE-P
imacp	IMIDAZOLE-ACETOL-P
4adcho	4-AMINO-4-DEOXYCHORISMATE
tdeACP	
asn-L	ASN
trdox	Ox-Thioredoxin
hisp	L-HISTIDINOL-P
sl26da	N-SUCCINYLLL-2-6-DIAMINOPIMELATE
pran	N-5-PHOSPHORIBOSYL-ANTHRANILATE
ppap	PROPIONYL-P
nh4	AMMONIA;AMMONIUM
5mta	5-METHYLTHIOADENOSINE
gthox	OXIDIZED-GLUTATHIONE
ohpb	3OH-4P-OH-ALPHA-KETOBUTYRATE
prbamp	PHOSPHORIBOSYL-AMP
g3pi	CPD-541;CPD0-2031
dtdp	TDP
34hpp	P-HYDROXY-PHENYLPYRUVATE
dmbzid	DIMETHYLBENZIMIDAZOLE
5apru	CPD-602
rdmbzi	ALPHA-RIBAZOLE
acac	3-KETOBUTYRATE
trdrd	Red-Thioredoxin
f1p	
ala-D	D-ALANINE
sl2a6o	N-SUCCINYL-2-AMINO-6-KETOPIMELATE
idon-L	L-IDONATE
lipidAds	BISOHMYR-GLC
ura	URACIL
gp4g	CPD-609
2obut	2-OXOBUTANOATE
r5p	
amet	S-ADENOSYLMETHIONINE
g6p	D-glucose-6-phosphate
3c4mop	CPD-7100
ctbt	CROTONO-BETAINE
pydx5p	PYRIDOXAL_PHOSPHATE
1pyr5c	CPD-478
2me4p	2-C-METHYL-D-ERYTHRITOL-4-PHOSPHATE
2dh3dgal	2-DEHYDRO-3-DEOXY-D-GALACTONATE
3hpppn	3-HYDROXYPHENYL-PROPIONATE
2ohph	2-OCTAPRENYL-6-HYDROXYPHENOL
cechddd	CARBOXYETHYL-3-5-CYCLOHEXADIENE-1-2-DIOL
4hbz	4-hydroxybenzoate
2p4c2me	2-PHOSPHO-4-CYTIDINE-5-DIPHOSPHO-2-C-MET
4c2me	4-CYTIDINE-5-DIPHOSPHO-2-C
dhpmp	DIHYDRONEOPTERIN-P
kdo8p	KDO-8P
malt	
fruur	CPD-12536;CPD-12537;FRUCTURONATE
gmhep1p	D-BETA-D-HEPTOSE-1-P
galt1p	GALACTITOL-1-PHOSPHATE
sucr	SUCROSE
rml1p	RHAMNULOSE-1P
n8aspmd	CPD-3462
ade	ADENINE;ADENINE-RING
uaccg	UDP-ACETYL-CARBOXYVINYL-GLUCOSAMINE
micit	CPD-618
udp	UDP
2ippm	CPD-9451
2omph	2-OCTAPRENYL-6-METHOXYPHENOL
gmhep7p	D-ALPHABETA-D-HEPTOSE-7-PHOSPHATE
sucsal	SUCC-S-ALD
fuc1p-L	CPD-488
crn	CARNITINE
galctn-D	D-GALACTONATE
gmhep17bp	D-BETA-D-HEPTOSE-17-DIPHOSPHATE
xan	XANTHINE
fcl-L	L-FUCULOSE
fc1p	FUCULOSE-1P
rml	RHAMNULOSE
lipidA	LIPID-IV-A
sucarg	CPD-421
sucglu	N2-SUCCINYLGLUTAMATE
sucgsa	CPD-822
rhcys	CPD-564
lac-L	L-LACTATE
2mcacn	CPD-1136
3hcinnm	CPD-10797
4hthr	CPD0-2189;CPD0-2375
man	MANNOSE
mlthf	METHYLENE-THF;METHYLENE-THF-GLU-N
lipidX	BISOHMYR-GLUCOSAMINYL-1P
malACP	MALONYL-ACP
xu5p-D	XYLULOSE-5-PHOSPHATE
kdo2lipid4L	KDO2-LAUROYL-LIPID-IVA
anth	ANTHRANILATE
2oph	2-OCTAPRENYLPHENOL
glyc-R	GLYCERATE
ahcys	ADENOSYL-HOMO-CYS
mmcoa-S	D-METHYL-MALONYL-COA
q8h2	CPD-9956
4abut	4-AMINO-BUTYRATE
nicrnt	NICOTINATE_NUCLEOTIDE
h2	HYDROGEN-MOLECULE
uama	CPD0-1456
ugmda	C1
23ddhb	DIHYDRO-DIOH-BENZOATE
23dhba	CPD-62
tre	ALPHABETA-TREHALOSE;TREHALOSE
val-L	VAL
h2o	CPD-12377;OH;WATER
akg	2-KETOGLUTARATE
altrn	D-ALTRONATE
palmACP	
u3hga	UDP-OHMYR-GLUCOSAMINE
no3	CPD-15028;NITRATE
2pglyc	CPD-67
accoa	ACETYL-COA
phpyr	ENOL-PHENYLPYRUVATE;PHENYL-PYRUVATE
citr-L	L-CITRULLINE
adn	ADENOSINE;CPD-13918
hxan	HYPOXANTHINE
u3aga	UDP-OHMYR-ACETYLGLUCOSAMINE
udpgalfur	UDP-D-GALACTO-14-FURANOSE
ncam	NIACINAMIDE
cenchddd	CPD-13034
2dmmq8	DEMETHYLMENAQUINONE
etha	ETHANOL-AMINE
2omhmbl	OCTAPRENYL-METHYL-OH-METHOXY-BENZQ
3ophb	3-OCTAPRENYL-4-HYDROXYBENZOATE
h2o2	HYDROGEN-PEROXIDE
cdp	CDP
aacald	CPD-1772
apoACP	Myelin-proteolipids
glyclt	GLYCOLLATE
mql8	REDUCED-MENAQUINONE
uagmda	C5
acnam	N-ACETYLNEURAMINATE
pyr	PYRUVATE
ile-L	ILE
q8	UBIQUINONE-8
2dr5p	DEOXY-RIBOSE-5P
btcoa	BUTYRYL-COA
dump	DUMP
orot	OROTATE
ocdca	STEARIC_ACID
ctbtcoa	CROTONOBETAINYL-COA
10fthf	10-FORMYL-THF
dtdp4d6dm	DTDP-DEOH-DEOXY-MANNOSE
g3p	
3mob	2-KETO-ISOVALERATE
malt6p	CPD-1244
acmana	N-acetyl-D-mannosamine
ap5a	CPD0-1137
rib-D	CPD-10330;CPD-12043;CPD-12044;CPD-6001;PENTOSE-RING;RIBOSE
camp	CAMP
dhptd	DIHYDROXYPENTANEDIONE
glu5sa	L-GLUTAMATE_GAMMA-SEMIALDEHYDE
dxyl	CPD-1093
succ	SUC
unagamu	C55-PP-GLCNAC-MANNACA
dhor-S	DI-H-OROTATE
seramp	SERYL-AMP
cyan	CPD-13584;HCN
thmpp	THIAMINE-PYROPHOSPHATE
dtmp	TMP
e4p	ERYTHROSE-4P
gua	GUANINE
ac	ACET
13dpg	DPG
dcmp	DCMP
na1	NA+
ribflv	RIBOFLAVIN
s7p	D-SEDOHEPTULOSE-7-P
nac	NIACINE
2pg	2-PG
2kmb	CPD-479
actp	ACETYL-P
arbt6p	CPD-1162
dhf	DIHYDROFOLATE
taur	TAURINE
lac-D	D-LACTATE
datp	DATP
aps	APS
uri	URIDINE
db4p	DIHYDROXY-BUTANONE-P
glyb	BETAINE
gly	GLY
r1p	RIBOSE-1P
xmp	XANTHOSINE-5-PHOSPHATE
atp	ATP
gdp	GDP
dtdp4aaddg	TDP-FUC4NAC
etoh	ETOH
btn	BIOTIN
dnad	DEAMIDO-NAD
amob	S-ADENOSYL-4-METHYLTHIO-2-OXOBUTANOATE
cmp	CMP
mthgxl	METHYL-GLYOXAL
pydx	PYRIDOXAL
op4en	CPD-6761;OXOPENTENOATE
acgam6p	N-ACETYL-D-GLUCOSAMINE-6-P
ttdca	CPD-7836
5mthf	5-METHYL-THF;CPD0-2045
cyst-L	L-CYSTATHIONINE
ala-L	L-ALPHA-ALANINE
ametam	S-ADENOSYLMETHIONINAMINE
thm	THIAMINE
tsul	S2O3
6pgc	CPD-2961
agm	AGMATHINE
o2-	SUPER-OXIDE
glu-D	D-GLT
pppi	P3I
ins	INOSINE
gal1p	GALACTOSE-1P
chor	CHORISMATE
cytd	CPD-15099;CYTIDINE
frdp	FARNESYL-PP
acgam1p	N-ACETYL-D-GLUCOSAMINE-1-P
glcn	GLUCONATE
crncoa	L-CARNITINYL-COA
dgtp	DGTP
ppp9	PROTOPORPHYRIN_IX
gcald	GLYCOLALDEHYDE
pppg9	PROTOPORPHYRINOGEN
tma	TRIMETHYLAMINE
hom-L	CPD-12255;HOMO-SER
2ommbl	
nmn	NICOTINAMIDE_NUCLEOTIDE
ppa	PROPIONATE
dctp	DCTP
aspsa	L-ASPARTATE-SEMIALDEHYDE
lcts	LACTOSE
pnto-R	PANTOTHENATE
aicar	AICAR
pyam5p	PYRIDOXAMINE-5P
g3pc	L-1-GLYCERO-PHOSPHORYLCHOLINE
g3pe	L-1-GLYCEROPHOSPHORYLETHANOL-AMINE
ps_EC	L-1-PHOSPHATIDYL-SERINE
gln-L	GLN
gam6p	CPD-13469;D-GLUCOSAMINE-6-P
pan4p	PANTETHEINE-P;PHOSPHOPANTOTHEINE-GROUP
dadp	DADP
aconm	MONOMETHYL-ESTER-OF-TRANS-ACONITATE
hqn	HYDROQUINONE
indole	INDOLE
pser-L	3-P-SERINE
fadh2	FADH2
5mtr	
thym	THYMINE
air	5-PHOSPHORIBOSYL-5-AMINOIMIDAZOLE
for	CARBOXYL-GROUP;FORMATE
dhnpt	CPD-11770;DIHYDRO-NEO-PTERIN
hpyr	OH-PYR
sbt6p	D-SORBITOL-6-P
btnso	CPD-722
dttp	TTP
ahdt	DIHYDRONEOPTERIN-P3
o2	OXYGEN-MOLECULE
malcoa	MALONYL-COA
gsn	CPD-15142;GUANOSINE
4mop	2K-4CH3-PENTANOATE
5aop	5-AMINO-LEVULINATE
5mdr1p	CPD-444
dkmpp	CPD-8999
glc-D	D-Glucose
cpppg3	COPROPORPHYRINOGEN_III
dcdp	DCDP
glucys	L-GAMMA-GLUTAMYLCYSTEINE
uppg3	UROPORPHYRINOGEN-III
4ppan	4-P-PANTOTHENATE
acser	ACETYLSERINE
pydxn	PYRIDOXINE
asp-L	L-ASPARTATE
thymd	THYMIDINE
4abz	P-AMINO-BENZOATE
4abutn	4-AMINO-BUTYRALDEHYDE
itp	ITP
man6p	
6pgl	D-6-P-GLUCONO-DELTA-LACTONE
damp	DAMP
glyald	GLYCERALD
dgdp	DGDP
tmao	TRIMENTHLAMINE-N-O
cinnm	CPD-674
3mop	2-KETO-3-METHYL-VALERATE
2ddglcn	2-DEHYDRO-3-DEOXY-D-GLUCONATE
agpe_EC	
agpg_EC	
dms	CPD-7670
tre6p	TREHALOSE-6P
cdpea	CDP-ETHANOLAMINE
pap	3-5-ADP
dutp	DUTP
fgam	5-P-RIBOSYL-N-FORMYLGLYCINEAMIDE
pdx5p	PYRIDOXINE-5P
23dhb	2-3-DIHYDROXYBENZOATE
fprica	PHOSPHORIBOSYL-FORMAMIDO-CARBOXAMIDE
betald	BETAINE_ALDEHYDE
but	BUTYRIC_ACID
cdpdag_EC	
oaa	OXALACETIC_ACID
dha	DIHYDROXYACETONE
arab-L	L-ARABINOSE
gar	5-PHOSPHO-RIBOSYL-GLYCINEAMIDE
cbasp	CARBAMYUL-L-ASPARTATE
sbt-D	SORBITOL
uacgam	UDP-N-ACETYL-D-GLUCOSAMINE
pacald	PHENYLACETALDEHYDE
cbl1	COB-I-ALAMIN
cbi	COBINAMIDE
2h3oppan	TARTRONATE-S-ALD
peptido_EC	
3dhq	DEHYDROQUINATE
thdp	DELTA1-PIPERIDEINE-2-6-DICARBOXYLATE
dpcoa	DEPHOSPHO-COA
4ppcys	R-4-PHOSPHOPANTOTHENOYL-L-CYSTEINE
adocbl	ADENOSYLCOBALAMIN
paps	PAPS
urdglyc	CPD-1091
duri	DEOXYURIDINE
idp	IDP
pac	PHENYLACETATE
nadp	NAD-P-OR-NOP;NADP
fdp	
N1aspmd	CPD-568
phaccoa	CPD-207
pphn	PREPHENATE
udcpdp	CPD-9649
5aizc	PHOSPHORIBOSYL-CARBOXY-AMINOIMIDAZOLE
mqn8	CPD-9728
gtp	GTP
methf	5-10-METHENYL-THF
lald-L	LACTALD
gdpddman	GDP-4-DEHYDRO-6-DEOXY-D-MANNOSE
orot5p	OROTIDINE-5-PHOSPHATE
udpg	CPD-12575
5mdru1p	CPD-1063
26dap-M	MESO-DIAMINOPIMELATE
ser-L	SER
gam	CPD-12538;CPD-12539;GLUCOSAMINE
ckdo	CMP-KDO
3php	3-P-HYDROXYPYRUVATE
dgmp	DGMP
hmbil	HYDROXYMETHYLBILANE
pydam	PYRIDOXAMINE
gdpofuc	CPD0-2128
cys-L	CYS
argsuc	L-ARGININO-SUCCINATE
dhna	DIHYDROXYNAPHTHOATE
ppbng	PORPHOBILINOGEN
quln	QUINOLINATE
2dmmql8	CPD-12115;CPD0-2129
apg_EC	
adpglc	
myrsACP	
dcamp	ADENYLOSUCC
fpram	5-PHOSPHORIBOSYL-N-FORMYLGLYCINEAMIDINE
gthrd	GLUTATHIONE
dudp	DUDP
ddcaACP	Dodecanoyl-ACPs
bbtcoa	GAMMA-BUTYROBETAINYL-COA
so4	HSO4;SULFATE
2dhglcn	CPD-377
alltt	ALLANTOATE
kdo2lipid4p	CPD0-2265
12dgr_EC	DIACYLGLYCEROL
pant-R	L-PANTOATE
xylu-D	D-XYLULOSE
g3pg	GLYCEROPHOSPHOGLYCEROL
iasp	IMINOASPARTATE
nadph	NADPH
hco3	CO3;H2CO3;HCO3
lipa_cold	KDO2-LIPID-IVA-COLD
skm	SHIKIMATE
h2mb4p	HYDROXY-METHYL-BUTENYL-DIP
25aics	P-RIBOSYL-4-SUCCCARB-AMINOIMIDAZOLE
mmcoa-R	METHYL-MALONYL-COA
met-L	MET
malthp	CPD0-1133
malthx	MALTOHEXAOSE
maltpt	MALTOPENTAOSE
maltttr	MALTOTETRAOSE
malttr	MALTOTRIOSE
3dhsk	3-DEHYDRO-SHIKIMATE
mnl	MANNITOL
unagamuf	C55-PP-GLCNAC-MANNACA-FUC4NAC
dxyl5p	DEOXYXYLULOSE-5P
dad-2	DEOXYADENOSINE
g3ps	CPD0-2030
adocbi	ADENOSYLCOBINAMIDE
ctp	CTP
hmfurn	CPD-10204
26dap-LL	LL-DIAMINOPIMELATE
mi1p-D	D-MYO-INOSITOL-1-MONOPHOSPHATE
dgsn	DEOXYGUANOSINE
25drapp	DIAMINO-OH-PHOSPHORIBOSYLAMINO-PYR
2ddg6p	2-KETO-3-DEOXY-6-P-GLUCONATE
ocdcea	
fuc-L	L-FUCOSE
glyc3p	GLYCEROL-3P
peamn	PHENYLETHYLAMINE
thmmp	THIAMINE-P
alaala	D-ALA-D-ALA
shcl	DIHYDROSIROHYDROCHLORIN
f6p	FRUCTOSE-6P
rbl-L	L-RIBULOSE
xtsn	XANTHOSINE
glx	GLYOX
galur	D-GALACTURONATE
ser-D	D-SERINE
adp	ADP;ADP-GROUP
arg-L	ARG
adphep-DD	
adphep-LD	
dcyt	DEOXYCYTIDINE
man1p	MANNOSE-1P
pep	PHOSPHO-ENOL-PYRUVATE
acglu	ACETYL-GLU
dtdp4d6dg	DTDP-4-DEHYDRO-6-DEOXY-D-GALACTOSE
3dhguln	3-KETO-L-GULONATE
glcr	D-GLUCARATE
dmso	DMSO
acald	ACETALD
phthr	4-PHOSPHONOOXY-THREONINE;CPD0-1427
tyr-L	TYR
csn	CYTOSINE
tcynt	HSCN
dhap	DIHYDROXY-ACETONE-PHOSPHATE
3hmrsACP	R-3-hydroxymyristoyl-ACPs
lys-L	LYS
uamr	CPD0-1338;UDP-N-ACETYLMURAMATE
thf	THF
4ampm	AMINO-HYDROXYMETHYL-METHYL-PYR-P
4r5au	AMINO-RIBOSYLAMINO-1H-3H-PYR-DIONE
tag6p-D	TAGATOSE-6-PHOSPHATE
ichor	ISOCHORISMATE
nad	NAD
ump	CPD0-2080;UMP
23dhdp	2-3-DIHYDRODIPICOLINATE
octdp	OCTAPRENYL-DIPHOSPHATE
tartr-L	TARTRATE
acorn	N-ALPHA-ACETYLORNITHINE
gdpmann	GDP-MANNOSE
suchms	O-SUCCINYL-L-HOMOSERINE
sheme	SIROHEME
kdo2lipid4	KDO2-LIPID-IVA
dhpppn	2-3-DIHYDROXYPHENYL-PROPIONATE
ipdp	DELTA3-ISOPENTENYL-PP
ttdcea	
5dh4dglc	5-KETO-4-DEOXY-D-GLUCARATE
adocbip	ADENOSYLCOBINAMIDE-P
ppcoa	PROPIONYL-COA
srch	SIROHYDROCHLORIN
3ig3p	INDOLE-3-GLYCEROL-P
udpglcur	UDP-GLUCURONATE
pgp_EC	L-1-PHOSPHATIDYL-GLYCEROL-P
4ahmmp	HMP
enter	ENTEROBACTIN
3c2hmp	2-D-THREO-HYDROXY-3-CARBOXY-ISOCAPROATE
sbzcoa	
glu-L	GLT
h2s	CPD-7046;HS
g1p	GLC-1-P
gal	D-Galactose
glyc	GLYCEROL
udcpp	CPD-9646
icit	
orn	25-DIAMINOPENTANOATE
glutrna	Charged-GLT-tRNAs
udpgal	CPD-14553
dtdprmn	DTDP-RHAMNOSE
hdeACP	
pi	Pi
chol	CHOLINE
pram	5-P-BETA-D-RIBOSYL-AMINE
ru5p-L	L-RIBULOSE-5-P
mnl1p	MANNITOL-1P
2dh3dgal6p	DEHYDRO-DEOXY-GALACTONATE-PHOSPHATE
2ombzl	OCTAPRENYL-METHOXY-BENZOQUINONE
cynt	CPD-69
gdpfuc	GUANOSINE_DIPHOSPHATE_FUCOSE
pg_EC	
trnaglu	GLT-tRNAs
xyl-D	D-Xylose
tagdp-D	
prpp	PRPP
pa_EC	
clpn_EC	
pe_EC	
6hmhptpp	
agpc_EC	
lps_EC	
alltn	ALLANTOIN;S-ALLANTOIN
succoa	SUC-COA
ACP	ACP
seln	CPD-678;SE-2
ssaltpp	
fum	FUM
uacmam	UDP-MANNAC
din	DEOXYINOSINE
25dkglcn	25-DIDEHYDRO-D-GLUCONATE
pc_EC	
trp-L	TRP
15dap	CADAVERINE
lipa	KDO2-LIPID-A
k	K+
hdcea	CPD-9245
glycogen	Glycogens
hemeO	HEME_O
pmcoa	CPD-558
uamag	UDP-AA-GLUTAMATE
23doguln	CPD-334
2dhp	2-DEHYDROPANTOATE
4mpetz	THZ-P
4mhetz	THZ
5dglcn	5-DEHYDROGLUCONATE
fad	FAD
dhpt	7-8-DIHYDROPTEROATE
gam1p	GLUCOSAMINE-1P
phe-L	PHE
glcur	GLUCURONATE
uacmamu	UDP-MANNACA
pheme	
mal-L	MAL
3c3hmp	3-CARBOXY-3-HYDROXY-ISOCAPROATE
2mcit	
kdo	KDO
